config,platform,i,run,ni,nj,nk,nranks,gridpoints,gridpoints_per_rank,dt,nsteps,main_loop,total_runtime,init,termination,sec_per_step,throughput,continuity,continuity_frac,kernel_ppm_limit_pos,kernel_reconstruction_x,kernel_reconstruction_y,kernel_zonal_edge_thickness,kernel_meridional_edge_thickness,kernel_ppm_limit_pos_source,kernel_reconstruction_x_source,kernel_reconstruction_y_source,kernel_zonal_edge_thickness_source,kernel_meridional_edge_thickness_source
dev_turbo_CPU,cpu,1,1,32,32,100,1,102400,102400.0,1200,150,18.391943,18.884244,0.447039,0.014643,0.12261295333333334,835148.3037980271,9.749879,0.5301168560602868,0.499048,0.449688,0.439024,0.45211,0.439389,mom6,mom6,mom6,mom6,mom6
dev_turbo_CPU,cpu,1,2,32,32,100,1,102400,102400.0,1200,150,18.308753,18.498109,0.175856,0.001354,0.12205835333333333,838942.9908197462,9.718891,0.5308330392572339,0.49897,0.449389,0.438669,0.451824,0.438998,mom6,mom6,mom6,mom6,mom6
dev_turbo_CPU,cpu,1,3,32,32,100,1,102400,102400.0,1200,150,18.345488,18.53437,0.175115,0.001463,0.12230325333333333,837263.0916114087,9.744991,0.5311927924730049,0.498545,0.44928,0.43898,0.451624,0.439319,mom6,mom6,mom6,mom6,mom6
dev_turbo_CPU,cpu,2,1,64,32,100,2,204800,102400.0,600,150,21.96135,22.173472,0.190089,0.001968,0.14640899999999998,1398821.1107240675,10.853743,0.4942202095954939,0.44298,0.837205,0.802415,0.839019,0.80447,mom6,mom6,mom6,mom6,mom6
dev_turbo_CPU,cpu,2,2,64,32,100,2,204800,102400.0,600,150,21.925139,22.127393,0.184251,0.002233,0.14616759333333335,1401131.3679698906,10.790393,0.4921470737312087,0.442971,0.837249,0.804461,0.839031,0.806338,mom6,mom6,mom6,mom6,mom6
dev_turbo_CPU,cpu,2,3,64,32,100,2,204800,102400.0,600,150,21.955165,22.1543,0.181403,0.002029,0.14636776666666668,1399215.1732861036,10.818736,0.4927649598625198,0.442983,0.837243,0.803469,0.839287,0.80585,mom6,mom6,mom6,mom6,mom6
dev_turbo_CPU,cpu,4,1,64,64,100,4,409600,102400.0,600,150,24.077294,24.28686,0.189799,0.002161,0.16051529333333334,2551781.7741478756,11.591333,0.48142174947068395,0.458825,0.906215,0.913822,0.909403,0.917264,mom6,mom6,mom6,mom6,mom6
dev_turbo_CPU,cpu,4,2,64,64,100,4,409600,102400.0,600,150,24.365834,24.570173,0.185444,0.002117,0.16243889333333333,2521563.5959762344,11.739636,0.48180727160826925,0.457357,0.982747,0.977069,0.985656,0.980682,mom6,mom6,mom6,mom6,mom6
dev_turbo_CPU,cpu,4,3,64,64,100,4,409600,102400.0,600,150,24.325251,24.530556,0.186404,0.00214,0.16216834000000002,2525770.4432320143,11.736776,0.48249352082739044,0.457608,0.981634,0.981329,0.984393,0.984767,mom6,mom6,mom6,mom6,mom6
dev_turbo_CPU,cpu,8,1,128,64,100,8,819200,102400.0,300,150,31.858833,32.091717,0.204875,0.002522,0.21239222,3857015.1015889375,14.340208,0.4501171778639852,0.466344,1.423267,1.312603,1.426626,1.319031,mom6,mom6,mom6,mom6,mom6
dev_turbo_CPU,cpu,8,2,128,64,100,8,819200,102400.0,300,150,31.673469,31.901977,0.203151,0.002539,0.21115646000000002,3879587.6763609317,14.311065,0.4518313102994812,0.467498,1.383369,1.341302,1.386929,1.348041,mom6,mom6,mom6,mom6,mom6
dev_turbo_CPU,cpu,8,3,128,64,100,8,819200,102400.0,300,150,31.549157,31.777846,0.203249,0.002561,0.21032771333333333,3894874.275087604,14.095995,0.44679466395885,0.44655,1.319549,1.282942,1.324345,1.289786,mom6,mom6,mom6,mom6,mom6
dev_turbo_CPU,cpu,16,1,128,128,100,16,1638400,102400.0,300,150,49.837992,50.14024,0.253204,0.005766,0.33225328,4931177.805076898,21.079478,0.42296001813235173,0.770134,2.468551,2.08287,2.473298,2.092516,mom6,mom6,mom6,mom6,mom6
dev_turbo_CPU,cpu,16,2,128,128,100,16,1638400,102400.0,300,150,49.646761,49.957153,0.25759,0.005895,0.33097840666666667,4950171.875260906,20.986804,0.42272252161626417,0.767693,2.470348,2.092528,2.475005,2.101814,mom6,mom6,mom6,mom6,mom6
dev_turbo_CPU,cpu,16,3,128,128,100,16,1638400,102400.0,300,150,49.575365,49.886106,0.258276,0.005865,0.33050243333333335,4957300.869090929,20.982534,0.4232451742917072,0.772986,2.464781,2.090627,2.469731,2.100202,mom6,mom6,mom6,mom6,mom6
dev_turbo_CPU,cpu,32,1,256,128,100,32,3276800,102400.0,150,150,50.403634,50.764188,0.297772,0.006152,0.33602422666666665,9751677.82545203,20.95901,0.41582339082931996,0.753152,2.468855,2.135867,2.473348,2.145728,mom6,mom6,mom6,mom6,mom6
dev_turbo_CPU,cpu,32,2,256,128,100,32,3276800,102400.0,150,150,50.179247,50.54448,0.314821,0.006166,0.3345283133333333,9795284.492810344,20.725678,0.4130328619718028,0.750899,2.364361,2.2086,2.368906,2.217959,mom6,mom6,mom6,mom6,mom6
dev_turbo_CPU,cpu,32,3,256,128,100,32,3276800,102400.0,150,150,50.617665,50.952378,0.283986,0.006131,0.3374511,9710443.972474826,20.986141,0.41460112788687503,0.753688,2.470999,2.154606,2.475696,2.164989,mom6,mom6,mom6,mom6,mom6
dev_turbo_CPU,cpu,64,1,256,256,100,64,6553600,102400.0,150,150,51.778937,52.254597,0.419769,0.006764,0.34519291333333335,18985326.02166012,21.505752,0.41533784287614867,0.743589,2.482277,2.151744,2.486939,2.161559,mom6,mom6,mom6,mom6,mom6
dev_turbo_CPU,cpu,64,2,256,256,100,64,6553600,102400.0,150,150,51.305088,51.856881,0.467318,0.006759,0.34203392,19160672.719243754,21.495836,0.4189805892156349,0.738417,2.471446,2.158256,2.476169,2.168167,mom6,mom6,mom6,mom6,mom6
dev_turbo_CPU,cpu,64,3,256,256,100,64,6553600,102400.0,150,150,51.733867,52.261164,0.444573,0.006676,0.34489244666666663,19001865.8377113,21.478292,0.4151688873364135,0.741903,2.471301,2.15421,2.476062,2.164177,mom6,mom6,mom6,mom6,mom6
dev_turbo_CPU,cpu,128,1,512,256,100,128,13107200,102400.0,75,150,50.948301,51.647605,0.578879,0.006494,0.33965534000000003,38589706.84812433,21.162583,0.415373674580434,0.690548,2.419521,2.172126,2.424376,2.182804,mom6,mom6,mom6,mom6,mom6
dev_turbo_CPU,cpu,128,2,512,256,100,128,13107200,102400.0,75,150,50.85815,51.382456,0.457781,0.006496,0.33905433333333335,38658110.84359144,21.141401,0.4156934729242019,0.688602,2.416521,2.169252,2.421377,2.179817,mom6,mom6,mom6,mom6,mom6
dev_turbo_CPU,cpu,128,3,512,256,100,128,13107200,102400.0,75,150,50.96417,51.474454,0.443659,0.006618,0.33976113333333335,38577690.95425276,21.156589,0.41512672530524874,0.689591,2.414868,2.159636,2.419724,2.170261,mom6,mom6,mom6,mom6,mom6
dev_turbo_CPU,cpu,256,1,512,512,100,128,26214400,204800.0,75,150,103.584508,104.584653,0.864537,0.01,0.6905633866666666,37960888.9004908,43.281473,0.41783731791244305,1.90974,5.041244,4.429585,5.066444,4.455794,mom6,mom6,mom6,mom6,mom6
dev_turbo_CPU,cpu,256,2,512,512,100,128,26214400,204800.0,75,150,103.764828,104.586192,0.742444,0.010215,0.6917655199999999,37894921.38897007,43.357862,0.4178473846648693,1.928904,5.102135,4.41577,5.130206,4.442444,mom6,mom6,mom6,mom6,mom6
dev_turbo_CPU,cpu,256,3,512,512,100,128,26214400,204800.0,75,150,103.593047,104.400654,0.731043,0.010042,0.6906203133333333,37957759.8484964,43.291691,0.417901512251107,1.92766,5.067255,4.40834,5.094931,4.432662,mom6,mom6,mom6,mom6,mom6
dev_turbo_CPU,cpu,512,1,1024,512,100,128,52428800,409600.0,37,150,279.996211,281.545483,1.413076,0.009825,1.8666414066666668,28087237.22336371,119.953958,0.42841279020022166,6.684075,14.679024,12.608649,14.72969,12.620476,mom6,mom6,mom6,mom6,mom6
dev_turbo_CPU,cpu,512,2,1024,512,100,128,52428800,409600.0,37,150,278.593051,279.965014,1.29197,0.009802,1.8572870066666667,28228701.224855747,119.747465,0.42982933195989875,6.680268,14.616516,12.660057,14.665866,12.671964,mom6,mom6,mom6,mom6,mom6
dev_turbo_CPU,cpu,512,3,1024,512,100,128,52428800,409600.0,37,150,280.213859,281.580157,1.286004,0.009894,1.8680923933333333,28065421.275255337,120.470618,0.42992383899184655,6.77034,14.811738,12.812615,14.869318,12.826829,mom6,mom6,mom6,mom6,mom6
dev_turbo_CPU,cpu,1024,1,1024,1024,100,128,104857600,819200.0,37,150,546.167688,548.917473,2.604364,0.016792,3.64111792,28798188.442081545,226.788678,0.4152363513676042,11.934384,25.480377,23.143619,25.52641,23.14943,mom6,mom6,mom6,mom6,mom6
dev_turbo_CPU,cpu,1024,2,1024,1024,100,128,104857600,819200.0,37,150,549.596686,552.321391,2.647714,0.010192,3.6639779066666667,28618513.176405873,233.176944,0.4242691958299035,13.75687,28.463887,25.033169,28.509841,25.038943,mom6,mom6,mom6,mom6,mom6
dev_turbo_CPU,cpu,1024,3,1024,1024,100,128,104857600,819200.0,37,150,552.284495,554.818649,2.454134,0.01175,3.6818966333333334,28479235.14492291,236.02769,0.42736613491204384,14.154123,29.324147,25.832744,29.363137,25.838557,mom6,mom6,mom6,mom6,mom6
iturbo_CPU_amrex,cpu,1,1,32,32,100,1,102400,102400.0,1200,150,23.289248,23.571811,0.268004,0.001417,0.15526165333333333,659531.8148529313,14.646512,0.6288958750407054,0.5127,0.8613,0.7227,0.8619,0.7232,tiny,tiny,tiny,tiny,tiny
iturbo_CPU_amrex,cpu,1,2,32,32,100,1,102400,102400.0,1200,150,24.155469,24.356393,0.187596,0.001341,0.16103646,635880.8433816789,15.513824,0.642248925077795,0.5129,0.8628,0.7241,0.8634,0.7245,tiny,tiny,tiny,tiny,tiny
iturbo_CPU_amrex,cpu,1,3,32,32,100,1,102400,102400.0,1200,150,23.249531,23.449109,0.18644,0.001309,0.15499687333333334,660658.4881217603,14.613325,0.6285427865190054,0.5127,0.8612,0.7229,0.8618,0.7234,tiny,tiny,tiny,tiny,tiny
iturbo_CPU_amrex,cpu,2,1,64,32,100,2,204800,102400.0,600,150,27.661508,27.871355,0.193308,0.001948,0.18441005333333335,1110568.5199809063,16.39757,0.5927937840554464,0.515,0.8878,0.7408,0.8885,0.7415,tiny,tiny,tiny,tiny,tiny
iturbo_CPU_amrex,cpu,2,2,64,32,100,2,204800,102400.0,600,150,27.623345,27.836386,0.195419,0.001983,0.18415563333333335,1112102.8246217105,16.398068,0.5936307858443646,0.5147,0.8897,0.7426,0.8904,0.7434,tiny,tiny,tiny,tiny,tiny
iturbo_CPU_amrex,cpu,2,3,64,32,100,2,204800,102400.0,600,150,27.46325,27.774312,0.194119,0.101436,0.18308833333333333,1118585.7464065615,16.293424,0.5932809845884957,0.5149,0.8899,0.7414,0.8906,0.7421,tiny,tiny,tiny,tiny,tiny
iturbo_CPU_amrex,cpu,4,1,64,64,100,4,409600,102400.0,600,150,30.662986,30.887431,0.204719,0.002158,0.20441990666666668,2003718.75067875,17.915343,0.584266092023784,0.5164,0.9123,0.7898,0.9131,0.7908,tiny,tiny,tiny,tiny,tiny
iturbo_CPU_amrex,cpu,4,2,64,64,100,4,409600,102400.0,600,150,30.787028,31.010712,0.204815,0.002356,0.20524685333333334,1995645.6985714892,17.927863,0.5823187285242343,0.5165,0.9111,0.7851,0.9119,0.7861,tiny,tiny,tiny,tiny,tiny
iturbo_CPU_amrex,cpu,4,3,64,64,100,4,409600,102400.0,600,150,30.419639,30.657,0.216942,0.002281,0.20279759333333333,2019747.8346143423,17.774701,0.5843166317654197,0.5166,0.9114,0.7942,0.9122,0.7952,tiny,tiny,tiny,tiny,tiny
iturbo_CPU_amrex,cpu,8,1,128,64,100,8,819200,102400.0,300,150,42.511999,42.763098,0.223753,0.002626,0.2834133266666667,2890478.0506792916,24.241098,0.5702177872181452,0.6412,1.303,1.099,1.304,1.1,tiny,tiny,tiny,tiny,tiny
iturbo_CPU_amrex,cpu,8,2,128,64,100,8,819200,102400.0,300,150,41.622494,41.873658,0.225425,0.002593,0.2774832933333334,2952249.8099224903,24.136774,0.5798973506969572,0.6416,1.28,1.096,1.282,1.098,tiny,tiny,tiny,tiny,tiny
iturbo_CPU_amrex,cpu,8,3,128,64,100,8,819200,102400.0,300,150,41.547809,41.808666,0.235314,0.0026,0.27698539333333333,2957556.6788612125,24.202061,0.5825111259176146,0.6434,1.28,1.127,1.282,1.129,tiny,tiny,tiny,tiny,tiny
iturbo_CPU_amrex,cpu,16,1,128,128,100,16,1638400,102400.0,300,150,67.77118,68.115046,0.29515,0.005813,0.45180786666666667,3626320.214580888,38.902215,0.574022984401334,0.9064,2.345,1.76,2.347,1.762,tiny,tiny,tiny,tiny,tiny
iturbo_CPU_amrex,cpu,16,2,128,128,100,16,1638400,102400.0,300,150,67.712787,68.149551,0.384822,0.005927,0.45141858,3629447.418845719,38.769421,0.5725568643334678,0.8982,2.352,1.75,2.354,1.752,tiny,tiny,tiny,tiny,tiny
iturbo_CPU_amrex,cpu,16,3,128,128,100,16,1638400,102400.0,300,150,67.795167,68.140413,0.293282,0.005799,0.45196778000000004,3625037.165259877,39.035302,0.575782961047946,0.9079,2.345,1.778,2.347,1.78,tiny,tiny,tiny,tiny,tiny
iturbo_CPU_amrex,cpu,32,1,256,128,100,32,3276800,102400.0,150,150,68.087096,68.487338,0.33997,0.006383,0.45391397333333333,7218989.043092688,38.679857,0.5680937985664714,0.9089,2.342,1.782,2.345,1.785,tiny,tiny,tiny,tiny,tiny
iturbo_CPU_amrex,cpu,32,2,256,128,100,32,3276800,102400.0,150,150,68.198692,68.601712,0.352943,0.006359,0.45465794666666665,7207176.348778068,38.629381,0.5664240745262388,0.9044,2.331,1.797,2.334,1.799,tiny,tiny,tiny,tiny,tiny
iturbo_CPU_amrex,cpu,32,3,256,128,100,32,3276800,102400.0,150,150,68.082536,68.55143,0.419126,0.006081,0.45388357333333335,7219472.553137562,38.677913,0.5681032945071258,0.9075,2.344,1.789,2.346,1.791,tiny,tiny,tiny,tiny,tiny
iturbo_CPU_amrex,cpu,64,1,256,256,100,64,6553600,102400.0,150,150,69.167073,69.682513,0.459778,0.006844,0.46111382,14212543.011614788,38.726402,0.5598964987285208,0.8716,2.313,1.44,2.315,1.443,tiny,tiny,tiny,tiny,tiny
iturbo_CPU_amrex,cpu,64,2,256,256,100,64,6553600,102400.0,150,150,69.144425,69.734321,0.493468,0.007179,0.4609628333333333,14217198.277373772,38.668848,0.559247517063017,0.8613,2.306,1.416,2.308,1.419,tiny,tiny,tiny,tiny,tiny
iturbo_CPU_amrex,cpu,64,3,256,256,100,64,6553600,102400.0,150,150,69.46436,70.114789,0.569407,0.006702,0.4630957333333333,14151717.51384451,38.610371,0.5558299392666973,0.8535,2.28,1.403,2.283,1.406,tiny,tiny,tiny,tiny,tiny
iturbo_CPU_amrex,cpu,128,1,512,256,100,128,13107200,102400.0,75,150,68.145709,68.871028,0.605437,0.006476,0.45430472666666666,28851119.591403767,38.134419,0.5596011775297547,0.8516,2.246,1.455,2.248,1.457,tiny,tiny,tiny,tiny,tiny
iturbo_CPU_amrex,cpu,128,2,512,256,100,128,13107200,102400.0,75,150,67.615317,68.165251,0.487463,0.006542,0.45076878000000004,29077435.22077993,37.521677,0.5549286561800781,0.8077,2.138,1.393,2.14,1.396,tiny,tiny,tiny,tiny,tiny
iturbo_CPU_amrex,cpu,128,3,512,256,100,128,13107200,102400.0,75,150,68.012765,68.560701,0.482648,0.006582,0.45341843333333337,28907514.64081779,38.059499,0.5595934674909924,0.8457,2.24,1.442,2.242,1.444,tiny,tiny,tiny,tiny,tiny
iturbo_CPU_amrex,cpu,256,1,512,512,100,128,26214400,204800.0,75,150,138.805161,139.857311,0.923253,0.010444,0.92536774,28328629.65376338,78.061994,0.5623853856557971,2.298,4.763,3.502,4.765,3.505,tiny,tiny,tiny,tiny,tiny
iturbo_CPU_amrex,cpu,256,2,512,512,100,128,26214400,204800.0,75,150,138.550964,139.442797,0.813404,0.010197,0.9236730933333333,28380603.68890685,77.814268,0.5616292067083705,2.283,4.748,3.491,4.75,3.494,tiny,tiny,tiny,tiny,tiny
iturbo_CPU_amrex,cpu,256,3,512,512,100,128,26214400,204800.0,75,150,138.52258,139.415862,0.812476,0.010336,0.9234838666666667,28386419.0228048,77.907377,0.5624164450301171,2.284,4.759,3.476,4.761,3.479,tiny,tiny,tiny,tiny,tiny
iturbo_CPU_amrex,cpu,512,1,1024,512,100,128,52428800,409600.0,37,150,380.374994,382.090707,1.575534,0.013528,2.5358332933333334,20675176.13947041,220.146074,0.5787606374566252,7.51,13.67,12.54,13.67,12.55,tiny,tiny,tiny,tiny,tiny
iturbo_CPU_amrex,cpu,512,2,1024,512,100,128,52428800,409600.0,37,150,379.255845,380.95135,1.609269,0.012616,2.5283723,20736186.67630554,218.665816,0.5765654475279082,7.561,13.61,12.53,13.62,12.54,tiny,tiny,tiny,tiny,tiny
iturbo_CPU_amrex,cpu,512,3,1024,512,100,128,52428800,409600.0,37,150,380.684194,382.42687,1.639901,0.015226,2.5378946266666667,20658383.31076073,220.053706,0.5780479186377778,7.537,13.63,12.51,13.64,12.52,tiny,tiny,tiny,tiny,tiny
iturbo_CPU_amrex,cpu,1024,1,1024,1024,100,128,104857600,819200.0,37,150,744.374456,747.228247,2.732483,0.047921,4.962496373333334,21130010.40433338,426.802024,0.573370056642567,15.69,26.95,25.22,26.96,25.23,tiny,tiny,tiny,tiny,tiny
iturbo_CPU_amrex,cpu,1024,2,1024,1024,100,128,104857600,819200.0,37,150,744.602542,747.776645,3.039173,0.010397,4.964016946666667,21123537.87801063,427.142894,0.5736522102821401,15.67,26.88,25.23,26.89,25.24,tiny,tiny,tiny,tiny,tiny
iturbo_CPU_amrex,cpu,1024,3,1024,1024,100,128,104857600,819200.0,37,150,745.104147,748.339317,3.026452,0.011498,4.9673609800000005,21109317.487129755,426.058259,0.5718103445208714,15.43,26.83,25.12,26.84,25.12,tiny,tiny,tiny,tiny,tiny
dev_turbo_GPU,gpu,1,1,32,32,100,1,102400,102400.0,1200,150,17.543621,18.007806,0.410891,0.014897,0.11695747333333334,875531.9098605698,1.064496,0.0606770973905558,0.013764,0.026352,0.024026,0.026685,0.024327,mom6,mom6,mom6,mom6,mom6
dev_turbo_GPU,gpu,1,2,32,32,100,1,102400,102400.0,1200,150,17.320361,17.611093,0.283085,0.001406,0.11546907333333332,886817.5438144737,1.063086,0.0613778200119501,0.013493,0.025994,0.023728,0.026326,0.024072,mom6,mom6,mom6,mom6,mom6
dev_turbo_GPU,gpu,1,3,32,32,100,1,102400,102400.0,1200,150,17.48348,17.777153,0.285375,0.001395,0.11655653333333334,878543.630901857,1.0659,0.06096612344910739,0.013523,0.02607,0.023803,0.026383,0.024148,mom6,mom6,mom6,mom6,mom6
dev_turbo_GPU,gpu,2,1,64,32,100,1,204800,204800.0,600,150,17.949416,18.292473,0.334134,0.001229,0.11966277333333333,1711476.2953847635,1.156031,0.0644049366285789,0.015666,0.029809,0.027414,0.030152,0.027735,mom6,mom6,mom6,mom6,mom6
dev_turbo_GPU,gpu,2,2,64,32,100,1,204800,204800.0,600,150,17.881995,18.233719,0.341806,0.001859,0.1192133,1717929.123679992,1.153922,0.06452982455257368,0.015514,0.029782,0.026977,0.030107,0.027297,mom6,mom6,mom6,mom6,mom6
dev_turbo_GPU,gpu,2,3,64,32,100,1,204800,204800.0,600,150,18.023692,18.368939,0.335502,0.00173,0.12015794666666667,1704423.2668867176,1.145223,0.06353986741451197,0.015453,0.029624,0.027306,0.02991,0.027607,mom6,mom6,mom6,mom6,mom6
dev_turbo_GPU,gpu,4,1,64,64,100,1,409600,409600.0,600,150,19.729671,20.146211,0.406374,0.001882,0.13153114,3114091.4615352685,1.451026,0.07354537234807412,0.018587,0.035811,0.032285,0.038784,0.033646,mom6,mom6,mom6,mom6,mom6
dev_turbo_GPU,gpu,4,2,64,64,100,1,409600,409600.0,600,150,19.773058,20.188994,0.406729,0.00195,0.13182038666666665,3107258.371466872,1.464636,0.07407230586184495,0.018579,0.035715,0.032164,0.0498,0.033373,mom6,mom6,mom6,mom6,mom6
dev_turbo_GPU,gpu,4,3,64,64,100,1,409600,409600.0,600,150,19.737178,20.156346,0.409078,0.0018,0.13158118666666666,3112907.02247302,1.450905,0.07351126893621772,0.018547,0.03583,0.032535,0.038747,0.033722,mom6,mom6,mom6,mom6,mom6
dev_turbo_GPU,gpu,8,1,128,64,100,1,819200,819200.0,300,150,21.93778,22.490903,0.542961,0.002921,0.14625186666666667,5601296.029042137,2.000105,0.09117171381972104,0.025528,0.04495,0.043054,0.045443,0.043347,mom6,mom6,mom6,mom6,mom6
dev_turbo_GPU,gpu,8,2,128,64,100,1,819200,819200.0,300,150,21.286349,21.834917,0.538225,0.001994,0.14190899333333334,5772713.770689375,1.94285,0.09127211059068889,0.024839,0.043646,0.041311,0.044036,0.041604,mom6,mom6,mom6,mom6,mom6
dev_turbo_GPU,gpu,8,3,128,64,100,1,819200,819200.0,300,150,21.281532,21.830263,0.539558,0.001969,0.14187687999999998,5774020.404170151,1.956974,0.0919564437372272,0.024938,0.043721,0.041559,0.044094,0.04185,mom6,mom6,mom6,mom6,mom6
dev_turbo_GPU,gpu,16,1,128,128,100,1,1638400,1638400.0,300,150,25.190193,25.994997,0.783538,0.005335,0.16793462,9756177.731548145,2.132686,0.08466334497715043,0.049407,0.073169,0.069889,0.075748,0.071165,mom6,mom6,mom6,mom6,mom6
dev_turbo_GPU,gpu,16,2,128,128,100,1,1638400,1638400.0,300,150,25.350538,26.153716,0.782047,0.005374,0.16900358666666668,9694468.811667824,2.158889,0.08516146679017225,0.049361,0.0738,0.070521,0.076413,0.071799,mom6,mom6,mom6,mom6,mom6
dev_turbo_GPU,gpu,16,3,128,128,100,1,1638400,1638400.0,300,150,25.468607,26.270896,0.781343,0.005198,0.16979071333333332,9649526.57206576,2.169038,0.08516516038745268,0.049353,0.073834,0.070587,0.076426,0.071914,mom6,mom6,mom6,mom6,mom6
dev_turbo_GPU,gpu,32,1,256,128,100,1,3276800,3276800.0,150,150,33.464162,34.761656,1.274033,0.006032,0.22309441333333335,14687951.845320376,3.488159,0.10423565962894872,0.079935,0.120033,0.114491,0.139949,0.115938,mom6,mom6,mom6,mom6,mom6
dev_turbo_GPU,gpu,32,2,256,128,100,1,3276800,3276800.0,150,150,33.572992,34.928546,1.332002,0.005964,0.22381994666666666,14640339.472871527,3.454357,0.1028909487721559,0.079903,0.119529,0.114436,0.122178,0.115734,mom6,mom6,mom6,mom6,mom6
dev_turbo_GPU,gpu,32,3,256,128,100,1,3276800,3276800.0,150,150,33.473113,34.824247,1.327268,0.006034,0.22315408666666664,14684024.159928,3.44452,0.10290408304719074,0.079912,0.119563,0.114509,0.122193,0.115843,mom6,mom6,mom6,mom6,mom6
dev_turbo_GPU,gpu,64,1,256,256,100,1,6553600,6553600.0,150,150,50.709774,52.971323,2.231307,0.009707,0.33806516000000003,19385611.933510095,5.316248,0.10483675198394692,0.146274,0.212329,0.208018,0.219952,0.216128,mom6,mom6,mom6,mom6,mom6
dev_turbo_GPU,gpu,64,2,256,256,100,1,6553600,6553600.0,150,150,50.668641,52.962574,2.264863,0.009795,0.33779094,19401349.24873947,5.316827,0.10493328605359674,0.146352,0.212503,0.208261,0.220195,0.216435,mom6,mom6,mom6,mom6,mom6
dev_turbo_GPU,gpu,64,3,256,256,100,1,6553600,6553600.0,150,150,50.631242,52.934148,2.273535,0.00962,0.3375416133333333,19415680.14468221,5.314846,0.10497166946842822,0.1463,0.212263,0.208278,0.220015,0.216432,mom6,mom6,mom6,mom6,mom6
dev_turbo_GPU,gpu,128,1,512,256,100,1,13107200,13107200.0,75,150,85.689813,89.932208,4.204976,0.012007,0.57126542,22944150.899243996,9.628888,0.11236910973303209,0.256228,0.385531,0.38478,0.396776,0.394481,mom6,mom6,mom6,mom6,mom6
dev_turbo_GPU,gpu,128,2,512,256,100,1,13107200,13107200.0,75,150,85.627935,89.807888,4.142616,0.012142,0.5708529,22960731.214643914,9.629938,0.11246257427555621,0.256182,0.38577,0.385204,0.397198,0.395064,mom6,mom6,mom6,mom6,mom6
dev_turbo_GPU,gpu,128,3,512,256,100,1,13107200,13107200.0,75,150,85.727344,89.914615,4.150827,0.012116,0.5715156266666667,22934106.065387957,9.636671,0.11241070293744315,0.25629,0.386031,0.38535,0.39743,0.395163,mom6,mom6,mom6,mom6,mom6
dev_turbo_GPU,gpu,256,1,512,512,100,1,26214400,26214400.0,75,150,150.199688,158.144981,7.889999,0.017676,1.0013312533333334,26179548.38894206,16.718887,0.11131106344242205,0.492828,0.743258,0.745449,0.754633,0.756223,mom6,mom6,mom6,mom6,mom6
dev_turbo_GPU,gpu,256,2,512,512,100,1,26214400,26214400.0,75,150,150.476563,158.402539,7.871609,0.017698,1.0031770866666667,26131378.346274428,16.677482,0.11083109334441671,0.492747,0.743485,0.745586,0.752327,0.754772,mom6,mom6,mom6,mom6,mom6
dev_turbo_GPU,gpu,256,3,512,512,100,1,26214400,26214400.0,75,150,151.033819,159.071688,7.983084,0.017635,1.0068921266666666,26034963.732195634,16.709835,0.1106363800547214,0.492934,0.74364,0.746198,0.752227,0.755,mom6,mom6,mom6,mom6,mom6
dev_turbo_GPU,gpu,512,1,1024,512,100,1,52428800,52428800.0,37,150,362.99943,378.244388,15.1565,0.028936,2.4199962,21664827.407580227,47.730671,0.13148965826199782,1.37288,2.154698,2.197669,2.168193,2.211888,mom6,mom6,mom6,mom6,mom6
dev_turbo_GPU,gpu,512,2,1024,512,100,1,52428800,52428800.0,37,150,363.45072,378.714469,15.174961,0.028742,2.4230047999999997,21637926.594284914,47.762293,0.13141339491637272,1.372929,2.15452,2.197869,2.168493,2.212522,mom6,mom6,mom6,mom6,mom6
dev_turbo_GPU,gpu,512,3,1024,512,100,1,52428800,52428800.0,37,150,362.395437,377.660091,15.17832,0.029023,2.41596958,21700935.48942781,47.743372,0.13174385526272506,1.373081,2.154723,2.196878,2.168218,2.210993,mom6,mom6,mom6,mom6,mom6
iturbo_GPU_amrex,gpu,1,1,32,32,100,1,102400,102400.0,1200,150,18.84608,19.306358,0.40799,0.001461,0.12564053333333333,815023.6017251333,2.573801,0.13656956778279622,0.01098,0.01702,0.01558,0.01841,0.01698,tiny,tiny,tiny,tiny,tiny
iturbo_GPU_amrex,gpu,1,2,32,32,100,1,102400,102400.0,1200,150,19.062475,19.390572,0.303213,0.004115,0.12708316666666666,805771.5485528506,2.545017,0.1335092636187064,0.01115,0.01709,0.0158,0.01848,0.01718,tiny,tiny,tiny,tiny,tiny
iturbo_GPU_amrex,gpu,1,3,32,32,100,1,102400,102400.0,1200,150,19.059094,19.382382,0.30056,0.001303,0.12706062666666668,805914.4889048765,2.598101,0.13631817965743806,0.01109,0.01695,0.01576,0.01833,0.01715,tiny,tiny,tiny,tiny,tiny
iturbo_GPU_amrex,gpu,2,1,64,32,100,1,204800,204800.0,600,150,20.237894,20.619756,0.35559,0.001821,0.13491929333333333,1517944.5054905417,3.418386,0.16891016426906869,0.01229,0.01933,0.01815,0.02076,0.01954,tiny,tiny,tiny,tiny,tiny
iturbo_GPU_amrex,gpu,2,2,64,32,100,1,204800,204800.0,600,150,20.379695,20.763441,0.356133,0.001884,0.13586463333333335,1507382.7159827463,3.418084,0.1677200762818089,0.01234,0.01964,0.01818,0.02101,0.01954,tiny,tiny,tiny,tiny,tiny
iturbo_GPU_amrex,gpu,2,3,64,32,100,1,204800,204800.0,600,150,20.337084,20.72125,0.357388,0.001952,0.13558056000000002,1510541.0392168316,3.400932,0.1672281040880787,0.01232,0.01969,0.01817,0.02111,0.01957,tiny,tiny,tiny,tiny,tiny
iturbo_GPU_amrex,gpu,4,1,64,64,100,1,409600,409600.0,600,150,22.60697,23.064969,0.425481,0.004325,0.15071313333333333,2717745.8987206155,4.840587,0.21411922960042853,0.01423,0.02315,0.02214,0.02457,0.0235,tiny,tiny,tiny,tiny,tiny
iturbo_GPU_amrex,gpu,4,2,64,64,100,1,409600,409600.0,600,150,23.455263,23.912593,0.425598,0.004232,0.15636841999999998,2619454.7466809475,5.098993,0.21739227566964398,0.01469,0.02413,0.02319,0.02567,0.02466,tiny,tiny,tiny,tiny,tiny
iturbo_GPU_amrex,gpu,4,3,64,64,100,1,409600,409600.0,600,150,22.656206,23.114803,0.426065,0.004291,0.15104137333333334,2711839.7493384373,4.850322,0.21408359369613783,0.01419,0.0231,0.02213,0.0245,0.0235,tiny,tiny,tiny,tiny,tiny
iturbo_GPU_amrex,gpu,8,1,128,64,100,1,819200,819200.0,300,150,26.176032,26.782361,0.573447,0.004759,0.17450688,4694370.789277764,7.713875,0.2946922971365561,0.01874,0.03039,0.02962,0.03182,0.03102,tiny,tiny,tiny,tiny,tiny
iturbo_GPU_amrex,gpu,8,2,128,64,100,1,819200,819200.0,300,150,26.237629,26.833587,0.563803,0.004862,0.17491752666666666,4683350.008493527,7.856855,0.29944988550604174,0.01867,0.03028,0.02953,0.03169,0.03091,tiny,tiny,tiny,tiny,tiny
iturbo_GPU_amrex,gpu,8,3,128,64,100,1,819200,819200.0,300,150,26.122632,26.722758,0.568056,0.004782,0.17415088,4703967.042830906,7.692438,0.2944740790284838,0.01883,0.03058,0.02976,0.032,0.03117,tiny,tiny,tiny,tiny,tiny
iturbo_GPU_amrex,gpu,16,1,128,128,100,1,1638400,1638400.0,300,150,35.933817,36.795545,0.829067,0.005157,0.23955877999999997,6839240.039542696,13.055782,0.36332856039201183,0.04659,0.06256,0.06046,0.06404,0.06199,tiny,tiny,tiny,tiny,tiny
iturbo_GPU_amrex,gpu,16,2,128,128,100,1,1638400,1638400.0,300,150,35.568247,36.423396,0.822386,0.005106,0.23712164666666666,6909533.663551088,12.822278,0.3604978901546652,0.04672,0.06268,0.0605,0.06414,0.06198,tiny,tiny,tiny,tiny,tiny
iturbo_GPU_amrex,gpu,16,3,128,128,100,1,1638400,1638400.0,300,150,35.707078,36.56377,0.823869,0.005207,0.2380471866666667,6882669.032733509,12.901192,0.361306293390907,0.04654,0.06248,0.06043,0.06395,0.06194,tiny,tiny,tiny,tiny,tiny
iturbo_GPU_amrex,gpu,32,1,256,128,100,1,3276800,3276800.0,150,150,53.823794,55.238744,1.378446,0.00603,0.35882529333333335,9132020.682154067,24.016938,0.44621414090578604,0.07757,0.109,0.1072,0.1108,0.1091,tiny,tiny,tiny,tiny,tiny
iturbo_GPU_amrex,gpu,32,2,256,128,100,1,3276800,3276800.0,150,150,54.250888,55.630869,1.344536,0.005785,0.3616725866666667,9060128.195505297,24.27468,0.44745221497572535,0.07745,0.1083,0.1066,0.11,0.1083,tiny,tiny,tiny,tiny,tiny
iturbo_GPU_amrex,gpu,32,3,256,128,100,1,3276800,3276800.0,150,150,53.803123,55.192725,1.353192,0.005913,0.35868748666666667,9135529.17736764,24.104408,0.44801131711257725,0.07767,0.1094,0.1073,0.1113,0.1092,tiny,tiny,tiny,tiny,tiny
iturbo_GPU_amrex,gpu,64,1,256,256,100,1,6553600,6553600.0,150,150,90.716044,93.124086,2.36477,0.008895,0.6047736266666667,10836451.377884159,44.885782,0.49479430562470295,0.1406,0.1958,0.1968,0.1977,0.1988,tiny,tiny,tiny,tiny,tiny
iturbo_GPU_amrex,gpu,64,2,256,256,100,1,6553600,6553600.0,150,150,90.33414,92.722758,2.347123,0.008815,0.6022276000000001,10882264.44619941,44.876547,0.49678390694813723,0.14,0.1939,0.1946,0.1956,0.1962,tiny,tiny,tiny,tiny,tiny
iturbo_GPU_amrex,gpu,64,3,256,256,100,1,6553600,6553600.0,150,150,90.344317,92.737474,2.350328,0.0089,0.6022954466666667,10881038.593716968,44.833689,0.49625356069712717,0.1402,0.195,0.1955,0.1969,0.1973,tiny,tiny,tiny,tiny,tiny
iturbo_GPU_amrex,gpu,128,1,512,256,100,1,13107200,13107200.0,75,150,167.030806,171.438029,4.355967,0.012079,1.1135387066666667,11770762.81365726,91.197212,0.5459903725783374,0.2469,0.3596,0.3679,0.3615,0.3698,tiny,tiny,tiny,tiny,tiny
iturbo_GPU_amrex,gpu,128,2,512,256,100,1,13107200,13107200.0,75,150,165.728792,170.172999,4.392267,0.012301,1.1048586133333334,11863237.378813453,89.954887,0.542783700493032,0.2469,0.3596,0.3679,0.3615,0.3698,tiny,tiny,tiny,tiny,tiny
iturbo_GPU_amrex,gpu,128,3,512,256,100,1,13107200,13107200.0,75,150,166.747246,171.179497,4.377161,0.015928,1.1116483066666667,11790779.441118926,91.17465,0.5467835432796294,0.2469,0.3597,0.368,0.3615,0.37,tiny,tiny,tiny,tiny,tiny
iturbo_GPU_amrex,gpu,256,1,512,512,100,1,26214400,26214400.0,75,150,301.589237,309.994668,8.322643,0.01859,2.0105949133333336,13038131.065665316,167.906654,0.5567395430626724,0.4721,0.6975,0.7147,0.6994,0.7168,tiny,tiny,tiny,tiny,tiny
iturbo_GPU_amrex,gpu,256,2,512,512,100,1,26214400,26214400.0,75,150,308.120199,316.685163,8.483223,0.018689,2.05413466,12761772.882017383,174.327653,0.5657780748090455,0.4721,0.6974,0.7147,0.6993,0.7167,tiny,tiny,tiny,tiny,tiny
iturbo_GPU_amrex,gpu,256,3,512,512,100,1,26214400,26214400.0,75,150,307.3144,315.719975,8.323513,0.018391,2.0487626666666667,12795235.10775935,173.251111,0.5637585189629905,0.4721,0.6977,0.7147,0.6996,0.7167,tiny,tiny,tiny,tiny,tiny
iturbo_GPU_amrex,gpu,512,1,1024,512,100,1,52428800,52428800.0,37,150,809.21482,825.345152,16.002183,0.039875,5.394765466666667,9718457.701998092,493.663226,0.6100521317689165,1.314,2.041,2.1,2.044,2.104,tiny,tiny,tiny,tiny,tiny
iturbo_GPU_amrex,gpu,512,2,1024,512,100,1,52428800,52428800.0,37,150,806.180601,822.341638,16.036521,0.030128,5.37453734,9755035.025954438,491.533863,0.6097068850209161,1.314,2.041,2.1,2.044,2.103,tiny,tiny,tiny,tiny,tiny
iturbo_GPU_amrex,gpu,512,3,1024,512,100,1,52428800,52428800.0,37,150,807.620273,823.747148,16.005332,0.033758,5.384135153333333,9737645.602663072,492.588423,0.6099257775813659,1.314,2.042,2.1,2.045,2.103,tiny,tiny,tiny,tiny,tiny
